CVE ID,CWE ID,Success,Compilation Success,Iteration Count,vuln_num_results,vuln_num_paths,vuln_recall_file,vuln_recall_method,vuln_tp_paths_file,vuln_tp_results_file,vuln_tp_paths_method,vuln_tp_results_method,fixed_num_paths,fixed_num_results,fixed_recall_file,fixed_recall_method,fixed_tp_paths_file,fixed_tp_results_file,fixed_tp_paths_method,fixed_tp_results_method,Precision,FDR,Recall,F1
CVE-2025-22233,CWE-020,TRUE,TRUE,3,2,6,TRUE,TRUE,6,2,2,1,4,1,TRUE,FALSE,4,1,0,0,0.5,0.5,1,0.6666666667
CVE-2025-24970,CWE-020,TRUE,TRUE,4,5,14,TRUE,TRUE,10,4,10,4,4,1,FALSE,FALSE,0,0,0,0,0.8,0.2,1,0.8888888889
CVE-2011-4367,CWE-022,FALSE,TRUE,1,3,12,TRUE,TRUE,12,3,12,3,31,8,TRUE,TRUE,31,8,31,8,1,0,1,1
CVE-2014-7816,CWE-022,FALSE,TRUE,9,10,25,TRUE,TRUE,15,6,5,2,22,8,TRUE,TRUE,12,5,2,1,0.2,0.8,1,0.3333333333
CVE-2016-9177,CWE-022,FALSE,TRUE,7,4,16,TRUE,TRUE,14,4,13,4,8,2,TRUE,TRUE,6,2,4,1,1,0,1,1
CVE-2018-1000850,CWE-022,TRUE,TRUE,2,1,1,TRUE,TRUE,1,1,1,1,0,0,FALSE,FALSE,0,0,0,0,1,0,1,1
CVE-2018-1002200,CWE-022,TRUE,TRUE,3,1,1,TRUE,TRUE,1,1,1,1,0,0,FALSE,FALSE,0,0,0,0,1,0,1,1
CVE-2018-1002201,CWE-022,TRUE,TRUE,10,9,11,TRUE,TRUE,8,6,4,3,4,4,FALSE,FALSE,0,0,0,0,0.3333333333,0.6666666667,1,0.5
CVE-2018-1002202,CWE-022,TRUE,TRUE,3,5,5,TRUE,TRUE,3,3,1,1,4,4,TRUE,FALSE,2,2,0,0,0.2,0.8,1,0.3333333333
CVE-2018-1047,CWE-022,FALSE,TRUE,9,1,2,TRUE,TRUE,2,1,2,1,2,1,TRUE,TRUE,2,1,2,1,1,0,1,1
CVE-2018-11762,CWE-022,FALSE,TRUE,7,3,7,TRUE,TRUE,7,3,7,3,15,5,TRUE,TRUE,15,5,15,5,1,0,1,1
CVE-2018-12036,CWE-022,FALSE,TRUE,8,21,17,TRUE,TRUE,17,16,14,13,2,7,TRUE,TRUE,2,2,2,2,0.619047619,0.380952381,1,0.7647058824
CVE-2018-12542,CWE-022,TRUE,TRUE,2,1,4,TRUE,TRUE,4,1,4,1,0,0,FALSE,FALSE,0,0,0,0,1,0,1,1
CVE-2018-17297,CWE-022,TRUE,TRUE,7,1,1,TRUE,TRUE,0,1,0,1,0,0,FALSE,FALSE,0,0,0,0,1,0,1,1
CVE-2018-9159,CWE-022,FALSE,TRUE,8,3,12,TRUE,TRUE,12,3,12,3,12,3,TRUE,TRUE,12,3,12,3,1,0,1,1
CVE-2019-0207,CWE-022,TRUE,TRUE,1,1,4,TRUE,TRUE,4,1,4,1,0,0,FALSE,FALSE,0,0,0,0,1,0,1,1
CVE-2019-0225,CWE-022,TRUE,TRUE,3,1,4,TRUE,TRUE,4,1,4,1,0,0,FALSE,FALSE,0,0,0,0,1,0,1,1
CVE-2019-17572,CWE-022,TRUE,TRUE,8,1,4,TRUE,TRUE,4,1,4,1,0,0,FALSE,FALSE,0,0,0,0,1,0,1,1
CVE-2019-17640,CWE-022,TRUE,TRUE,2,1,4,TRUE,TRUE,4,1,4,1,0,0,FALSE,FALSE,0,0,0,0,1,0,1,1
CVE-2020-17519,CWE-022,TRUE,TRUE,1,1,1,TRUE,TRUE,1,1,1,1,0,0,FALSE,FALSE,0,0,0,0,1,0,1,1
CVE-2020-35460,CWE-022,TRUE,TRUE,8,2,1,TRUE,TRUE,1,1,1,1,0,0,FALSE,FALSE,0,0,0,0,0.5,0.5,1,0.6666666667
CVE-2020-5405,CWE-022,TRUE,TRUE,1,29,108,TRUE,TRUE,108,29,24,8,0,0,FALSE,FALSE,0,0,0,0,0.275862069,0.724137931,1,0.4324324324
CVE-2020-5410,CWE-022,FALSE,TRUE,8,5,20,TRUE,TRUE,18,5,18,5,20,5,TRUE,TRUE,18,5,18,5,1,0,1,1
CVE-2020-8570,CWE-022,TRUE,TRUE,4,1,1,TRUE,TRUE,0,1,0,1,0,0,FALSE,FALSE,0,0,0,0,1,0,1,1
CVE-2021-29425,CWE-022,FALSE,TRUE,10,7,16,FALSE,FALSE,0,0,0,0,44,14,FALSE,FALSE,0,0,0,0,0,1,0,0
CVE-2022-22931,CWE-022,FALSE,TRUE,10,0,0,FALSE,FALSE,0,0,0,0,0,0,FALSE,FALSE,0,0,0,0,0,1,0,0
CVE-2022-23082,CWE-022,FALSE,TRUE,8,0,0,FALSE,FALSE,0,0,0,0,0,0,FALSE,FALSE,0,0,0,0,0,1,0,0
CVE-2022-23457,CWE-022,TRUE,TRUE,2,1,1,TRUE,TRUE,0,1,0,1,0,0,FALSE,FALSE,0,0,0,0,1,0,1,1
CVE-2022-25842,CWE-022,TRUE,TRUE,1,3,3,TRUE,TRUE,3,3,3,3,0,0,FALSE,FALSE,0,0,0,0,1,0,1,1
CVE-2022-26049,CWE-022,TRUE,TRUE,2,11,24,TRUE,TRUE,3,2,3,2,21,9,FALSE,FALSE,0,0,0,0,0.1818181818,0.8181818182,1,0.3076923077
CVE-2022-26884,CWE-022,FALSE,TRUE,1,7,16,TRUE,FALSE,2,1,0,0,15,7,TRUE,FALSE,1,1,0,0,0,1,0,0
CVE-2022-31194,CWE-022,FALSE,TRUE,1,3,7,TRUE,TRUE,7,3,6,2,7,3,TRUE,TRUE,7,3,6,2,0.6666666667,0.3333333333,1,0.8
CVE-2022-31195,CWE-022,TRUE,TRUE,9,29,55,TRUE,TRUE,55,29,55,29,0,0,FALSE,FALSE,0,0,0,0,1,0,1,1
CVE-2022-32287,CWE-022,FALSE,TRUE,6,4,4,TRUE,TRUE,0,4,0,2,4,4,TRUE,TRUE,0,4,0,2,0.5,0.5,1,0.6666666667
CVE-2022-34662,CWE-022,TRUE,TRUE,1,8,8,TRUE,TRUE,8,8,2,2,6,6,TRUE,FALSE,6,6,0,0,0.25,0.75,1,0.4
CVE-2022-36007,CWE-022,TRUE,TRUE,1,2,5,TRUE,TRUE,4,1,4,1,1,1,FALSE,FALSE,0,0,0,0,0.5,0.5,1,0.6666666667
CVE-2022-3782,CWE-022,TRUE,TRUE,2,1,4,TRUE,TRUE,4,1,4,1,0,0,FALSE,FALSE,0,0,0,0,1,0,1,1
CVE-2022-4244,CWE-022,FALSE,TRUE,3,7,28,TRUE,TRUE,28,7,28,7,28,7,TRUE,TRUE,28,7,28,7,1,0,1,1
CVE-2023-34478,CWE-022,FALSE,TRUE,5,1,4,TRUE,TRUE,4,1,4,1,4,1,TRUE,TRUE,4,1,4,1,1,0,1,1
CVE-2023-35887,CWE-022,FALSE,TRUE,3,24,75,TRUE,TRUE,75,24,75,24,8,2,TRUE,TRUE,7,2,6,2,1,0,1,1
CVE-2023-37460,CWE-022,TRUE,TRUE,6,1,3,TRUE,TRUE,3,1,3,1,0,0,FALSE,FALSE,0,0,0,0,1,0,1,1
CVE-2023-41044,CWE-022,TRUE,TRUE,1,1,4,TRUE,TRUE,4,1,4,1,0,0,FALSE,FALSE,0,0,0,0,1,0,1,1
CVE-2023-45277,CWE-022,TRUE,TRUE,2,75,105,TRUE,TRUE,105,71,58,58,55,35,TRUE,FALSE,55,29,0,0,0.7733333333,0.2266666667,1,0.8721804511
CVE-2023-45278,CWE-022,TRUE,TRUE,1,11,30,TRUE,TRUE,26,10,24,9,7,3,TRUE,FALSE,3,2,0,0,0.8181818182,0.1818181818,1,0.9
CVE-2023-46749,CWE-022,TRUE,TRUE,7,3,3,TRUE,TRUE,0,3,0,3,0,0,FALSE,FALSE,0,0,0,0,1,0,1,1
CVE-2024-23673,CWE-022,TRUE,TRUE,2,9,19,TRUE,TRUE,19,9,19,9,0,0,FALSE,FALSE,0,0,0,0,1,0,1,1
CVE-2025-0851,CWE-022,TRUE,TRUE,9,8,8,TRUE,TRUE,8,8,8,8,0,0,FALSE,FALSE,0,0,0,0,1,0,1,1
CVE-2025-46096,CWE-022,TRUE,TRUE,2,1,1,TRUE,TRUE,1,1,1,1,0,0,FALSE,FALSE,0,0,0,0,1,0,1,1
CVE-2025-49656,CWE-022,TRUE,TRUE,3,12,33,TRUE,TRUE,8,2,8,2,25,10,FALSE,FALSE,0,0,0,0,0.1666666667,0.8333333333,1,0.2857142857
CVE-2025-53622,CWE-022,TRUE,TRUE,6,5,13,TRUE,TRUE,13,5,13,5,0,0,FALSE,FALSE,0,0,0,0,1,0,1,1
CVE-2025-1584,CWE-023,TRUE,TRUE,4,3,6,TRUE,TRUE,6,3,6,3,0,0,FALSE,FALSE,0,0,0,0,1,0,1,1
CVE-2025-24813,CWE-044,TRUE,TRUE,1,3,12,TRUE,TRUE,8,2,8,2,4,1,FALSE,FALSE,0,0,0,0,0.6666666667,0.3333333333,1,0.8
CVE-2013-7285,CWE-078,TRUE,TRUE,6,3,6,TRUE,TRUE,6,2,6,2,0,0,FALSE,FALSE,0,0,0,0,0.6666666667,0.3333333333,1,0.8
CVE-2017-1000487,CWE-078,TRUE,TRUE,7,2,8,TRUE,TRUE,8,2,8,2,0,0,FALSE,FALSE,0,0,0,0,1,0,1,1
CVE-2019-10392,CWE-078,TRUE,TRUE,6,5,20,TRUE,TRUE,20,5,8,2,0,0,FALSE,FALSE,0,0,0,0,0.4,0.6,1,0.5714285714
CVE-2020-2261,CWE-078,FALSE,TRUE,9,1,4,TRUE,TRUE,4,1,1,1,8,2,TRUE,TRUE,8,2,8,2,1,0,1,1
CVE-2020-26217,CWE-078,FALSE,TRUE,10,10,36,TRUE,FALSE,8,2,0,0,78,28,TRUE,FALSE,8,2,0,0,0,1,0,0
CVE-2021-21345,CWE-078,FALSE,TRUE,3,4,4,FALSE,FALSE,0,0,0,0,4,4,FALSE,FALSE,0,0,0,0,0,1,0,0
CVE-2022-20617,CWE-078,TRUE,TRUE,3,3,3,TRUE,TRUE,3,3,3,3,0,0,FALSE,FALSE,0,0,0,0,1,0,1,1
CVE-2022-25173,CWE-078,TRUE,TRUE,6,9,10,TRUE,TRUE,10,9,10,9,0,0,FALSE,FALSE,0,0,0,0,1,0,1,1
CVE-2022-25174,CWE-078,TRUE,TRUE,2,3,8,TRUE,TRUE,8,3,8,3,0,0,FALSE,FALSE,0,0,0,0,1,0,1,1
CVE-2022-25175,CWE-078,FALSE,TRUE,10,5,8,TRUE,TRUE,8,4,8,4,1,1,TRUE,TRUE,0,1,0,1,0.8,0.2,1,0.8888888889
CVE-2023-24422,CWE-078,FALSE,TRUE,9,0,0,FALSE,FALSE,0,0,0,0,8,3,TRUE,TRUE,8,3,8,3,0,1,0,0
CVE-2025-26074,CWE-078,TRUE,TRUE,1,6,9,TRUE,TRUE,9,6,6,4,0,0,FALSE,FALSE,0,0,0,0,0.6666666667,0.3333333333,1,0.8
CVE-2014-3656,CWE-079,FALSE,TRUE,5,2,6,TRUE,TRUE,6,2,6,2,6,2,TRUE,TRUE,6,2,6,2,1,0,1,1
CVE-2016-10006,CWE-079,FALSE,TRUE,7,12,32,TRUE,TRUE,10,5,4,2,32,12,TRUE,TRUE,10,5,4,2,0.1666666667,0.8333333333,1,0.2857142857
CVE-2016-5394,CWE-079,TRUE,TRUE,8,1,2,TRUE,TRUE,2,1,2,1,0,0,FALSE,FALSE,0,0,0,0,1,0,1,1
CVE-2016-6812,CWE-079,TRUE,TRUE,4,2,8,TRUE,TRUE,8,2,8,2,0,0,FALSE,FALSE,0,0,0,0,1,0,1,1
CVE-2017-14735,CWE-079,FALSE,TRUE,6,1,1,TRUE,FALSE,0,1,0,0,1,1,TRUE,FALSE,0,1,0,0,0,1,0,0
CVE-2018-1000129,CWE-079,FALSE,TRUE,7,0,0,FALSE,FALSE,0,0,0,0,0,0,FALSE,FALSE,0,0,0,0,0,1,0,0
CVE-2019-10076,CWE-079,FALSE,TRUE,6,3,12,TRUE,TRUE,12,3,12,3,12,3,TRUE,TRUE,12,3,12,3,1,0,1,1
CVE-2019-10077,CWE-079,TRUE,TRUE,2,1,1,TRUE,TRUE,1,1,1,1,0,0,FALSE,FALSE,0,0,0,0,1,0,1,1
CVE-2019-10078,CWE-079,TRUE,TRUE,7,1,4,TRUE,TRUE,4,1,4,1,0,0,FALSE,FALSE,0,0,0,0,1,0,1,1
CVE-2019-10089,CWE-079,TRUE,TRUE,5,1,3,TRUE,TRUE,3,1,3,1,0,0,FALSE,FALSE,0,0,0,0,1,0,1,1
CVE-2019-10219,CWE-079,FALSE,TRUE,2,1,1,TRUE,FALSE,1,1,0,0,1,1,TRUE,FALSE,1,1,0,0,0,1,0,0
CVE-2019-17573,CWE-079,TRUE,TRUE,7,4,7,TRUE,TRUE,7,4,7,4,0,0,FALSE,FALSE,0,0,0,0,1,0,1,1
CVE-2020-13973,CWE-079,FALSE,TRUE,10,2,8,TRUE,FALSE,8,2,0,0,8,2,TRUE,FALSE,8,2,0,0,0,1,0,0
CVE-2020-27219,CWE-079,FALSE,TRUE,10,0,0,FALSE,FALSE,0,0,0,0,1,1,FALSE,FALSE,0,0,0,0,0,1,0,0
CVE-2020-29204,CWE-079,TRUE,TRUE,7,1,2,TRUE,TRUE,2,1,2,1,0,0,FALSE,FALSE,0,0,0,0,1,0,1,1
CVE-2021-44667,CWE-079,FALSE,TRUE,3,9,25,FALSE,FALSE,0,0,0,0,29,10,FALSE,FALSE,0,0,0,0,0,1,0,0
CVE-2022-1274,CWE-079,TRUE,TRUE,7,17,54,TRUE,TRUE,54,17,54,17,0,0,FALSE,FALSE,0,0,0,0,1,0,1,1
CVE-2022-24891,CWE-079,FALSE,TRUE,7,6,24,TRUE,TRUE,24,6,24,6,24,6,TRUE,TRUE,24,6,24,6,1,0,1,1
CVE-2022-28367,CWE-079,TRUE,TRUE,9,2,4,TRUE,TRUE,4,2,4,2,0,0,FALSE,FALSE,0,0,0,0,1,0,1,1
CVE-2022-29577,CWE-079,TRUE,TRUE,9,6,24,TRUE,TRUE,24,6,24,6,0,0,FALSE,FALSE,0,0,0,0,1,0,1,1
CVE-2022-31192,CWE-079,TRUE,TRUE,2,1,1,TRUE,TRUE,1,1,1,1,0,0,FALSE,FALSE,0,0,0,0,1,0,1,1
CVE-2022-4137,CWE-079,TRUE,TRUE,1,1,4,TRUE,TRUE,4,1,4,1,0,0,FALSE,FALSE,0,0,0,0,1,0,1,1
CVE-2022-4361,CWE-079,FALSE,TRUE,3,3,12,TRUE,TRUE,12,3,12,3,12,3,TRUE,TRUE,12,3,12,3,1,0,1,1
CVE-2022-46907,CWE-079,TRUE,TRUE,4,1,1,TRUE,TRUE,1,1,1,1,0,0,FALSE,FALSE,0,0,0,0,1,0,1,1
CVE-2023-29201,CWE-079,FALSE,TRUE,5,1,1,TRUE,FALSE,0,1,0,0,1,1,TRUE,FALSE,0,1,0,0,0,1,0,0
CVE-2023-29528,CWE-079,TRUE,TRUE,2,2,4,TRUE,TRUE,4,2,2,2,2,2,TRUE,FALSE,2,2,0,0,1,0,1,1
CVE-2023-31126,CWE-079,TRUE,TRUE,2,1,3,TRUE,TRUE,3,1,3,1,0,0,FALSE,FALSE,0,0,0,0,1,0,1,1
CVE-2023-33962,CWE-079,FALSE,TRUE,8,1,4,TRUE,FALSE,4,1,0,0,4,1,TRUE,FALSE,4,1,0,0,0,1,0,0
CVE-2023-36471,CWE-079,FALSE,TRUE,4,1,4,TRUE,FALSE,4,1,0,0,0,0,FALSE,FALSE,0,0,0,0,0,1,0,0
CVE-2023-37908,CWE-079,FALSE,FALSE,10,0,0,FALSE,FALSE,0,0,0,0,0,0,FALSE,FALSE,0,0,0,0,0,1,0,0
CVE-2025-23026,CWE-079,FALSE,TRUE,1,0,0,FALSE,FALSE,0,0,0,0,0,0,FALSE,FALSE,0,0,0,0,0,1,0,0
CVE-2025-2901,CWE-079,FALSE,TRUE,8,15,47,TRUE,TRUE,15,5,9,3,46,14,TRUE,TRUE,14,4,8,2,0.2,0.8,1,0.3333333333
CVE-2025-32960,CWE-079,TRUE,TRUE,2,1,1,TRUE,TRUE,1,1,1,1,0,0,FALSE,FALSE,0,0,0,0,1,0,1,1
CVE-2025-32961,CWE-079,FALSE,TRUE,10,0,0,FALSE,FALSE,0,0,0,0,0,0,FALSE,FALSE,0,0,0,0,0,1,0,0
CVE-2025-46558,CWE-079,TRUE,TRUE,1,1,1,TRUE,TRUE,1,1,1,1,0,0,FALSE,FALSE,0,0,0,0,1,0,1,1
CVE-2025-47885,CWE-079,TRUE,TRUE,2,2,2,TRUE,TRUE,0,2,0,2,0,0,FALSE,FALSE,0,0,0,0,1,0,1,1
CVE-2023-32070,CWE-083,TRUE,TRUE,3,115,430,TRUE,TRUE,253,67,18,6,15,11,TRUE,FALSE,13,9,0,0,0.05217391304,0.947826087,1,0.09917355372
CVE-2022-45206,CWE-089,TRUE,TRUE,2,3,4,TRUE,TRUE,4,3,4,3,0,0,FALSE,FALSE,0,0,0,0,1,0,1,1
CVE-2022-4963,CWE-089,TRUE,TRUE,1,1,1,TRUE,TRUE,1,1,1,1,0,0,FALSE,FALSE,0,0,0,0,1,0,1,1
CVE-2018-1260,CWE-094,TRUE,TRUE,1,1,2,TRUE,TRUE,2,1,2,1,0,0,FALSE,FALSE,0,0,0,0,1,0,1,1
CVE-2019-0222,CWE-094,FALSE,TRUE,10,0,0,FALSE,FALSE,0,0,0,0,0,0,FALSE,FALSE,0,0,0,0,0,1,0,0
CVE-2020-11998,CWE-094,TRUE,TRUE,4,1,1,TRUE,TRUE,1,1,1,1,0,0,FALSE,FALSE,0,0,0,0,1,0,1,1
CVE-2020-17530,CWE-094,TRUE,TRUE,10,3,4,TRUE,TRUE,4,1,4,1,2,2,TRUE,FALSE,0,2,0,0,0.3333333333,0.6666666667,1,0.5
CVE-2021-30180,CWE-094,TRUE,TRUE,1,1,1,TRUE,TRUE,1,1,1,1,0,0,FALSE,FALSE,0,0,0,0,1,0,1,1
CVE-2021-30181,CWE-094,FALSE,TRUE,10,0,0,FALSE,FALSE,0,0,0,0,0,0,FALSE,FALSE,0,0,0,0,0,1,0,0
CVE-2021-41269,CWE-094,TRUE,TRUE,8,1,1,TRUE,TRUE,0,1,0,1,0,0,FALSE,FALSE,0,0,0,0,1,0,1,1
CVE-2021-4178,CWE-094,TRUE,TRUE,3,1,4,TRUE,TRUE,4,1,4,1,0,0,FALSE,FALSE,0,0,0,0,1,0,1,1
CVE-2022-22947,CWE-094,TRUE,TRUE,5,4,9,TRUE,TRUE,4,1,4,1,5,3,FALSE,FALSE,0,0,0,0,0.25,0.75,1,0.4
CVE-2022-22965,CWE-094,FALSE,TRUE,10,1,4,TRUE,TRUE,4,1,4,1,4,1,TRUE,TRUE,4,1,4,1,1,0,1,1
CVE-2022-42889,CWE-094,TRUE,TRUE,2,2,5,TRUE,TRUE,5,2,4,1,1,1,TRUE,FALSE,1,1,0,0,0.5,0.5,1,0.6666666667
CVE-2022-44262,CWE-094,FALSE,TRUE,4,12,18,TRUE,TRUE,18,12,18,12,9,6,TRUE,TRUE,9,6,9,6,1,0,1,1
CVE-2022-46166,CWE-094,TRUE,TRUE,4,8,32,TRUE,TRUE,32,8,32,8,0,0,FALSE,FALSE,0,0,0,0,1,0,1,1
CVE-2023-32697,CWE-094,TRUE,TRUE,3,1,2,TRUE,TRUE,2,1,2,1,0,0,FALSE,FALSE,0,0,0,0,1,0,1,1
CVE-2023-33246,CWE-094,FALSE,TRUE,6,32,110,TRUE,TRUE,73,22,4,1,44,13,TRUE,TRUE,42,13,4,1,0.03125,0.96875,1,0.06060606061
CVE-2023-34468,CWE-094,FALSE,TRUE,5,4,2,TRUE,FALSE,2,2,0,0,2,4,TRUE,FALSE,2,2,0,0,0,1,0,0
CVE-2023-37582,CWE-094,FALSE,TRUE,9,0,0,FALSE,FALSE,0,0,0,0,0,0,FALSE,FALSE,0,0,0,0,0,1,0,0
CVE-2023-49109,CWE-094,TRUE,TRUE,1,1,4,TRUE,TRUE,4,1,4,1,0,0,FALSE,FALSE,0,0,0,0,1,0,1,1
CVE-2023-51770,CWE-094,TRUE,TRUE,10,2,2,TRUE,TRUE,2,2,2,2,0,0,FALSE,FALSE,0,0,0,0,1,0,1,1
CVE-2025-30067,CWE-094,FALSE,TRUE,4,2,5,TRUE,FALSE,4,1,0,0,5,2,TRUE,FALSE,4,1,0,0,0,1,0,0
CVE-2025-2240,CWE-1325,FALSE,TRUE,7,13,2,TRUE,FALSE,2,1,0,0,2,13,TRUE,FALSE,2,1,0,0,0,1,0,0
CVE-2025-48058,CWE-1333,FALSE,TRUE,9,39,53,TRUE,FALSE,1,1,0,0,0,0,FALSE,FALSE,0,0,0,0,0,1,0,0
CVE-2025-48059,CWE-1333,FALSE,TRUE,9,2,2,TRUE,FALSE,0,2,0,0,0,0,FALSE,FALSE,0,0,0,0,0,1,0,0
CVE-2025-30177,CWE-164,FALSE,TRUE,10,0,0,FALSE,FALSE,0,0,0,0,0,0,FALSE,FALSE,0,0,0,0,0,1,0,0
CVE-2025-24399,CWE-178,FALSE,TRUE,10,2,2,TRUE,TRUE,0,2,0,2,4,4,TRUE,TRUE,0,4,0,2,1,0,1,1
CVE-2025-52520,CWE-190,FALSE,TRUE,10,0,0,FALSE,FALSE,0,0,0,0,0,0,FALSE,FALSE,0,0,0,0,0,1,0,0
CVE-2025-22227,CWE-200,FALSE,TRUE,9,1,4,TRUE,TRUE,4,1,3,1,4,1,TRUE,TRUE,4,1,3,1,1,0,1,1
CVE-2025-26795,CWE-200,FALSE,TRUE,8,2,6,FALSE,FALSE,0,0,0,0,0,0,FALSE,FALSE,0,0,0,0,0,1,0,0
CVE-2025-54380,CWE-200,FALSE,TRUE,8,1,4,TRUE,TRUE,4,1,4,1,4,1,TRUE,TRUE,4,1,4,1,1,0,1,1
CVE-2014-3576,CWE-264,FALSE,TRUE,10,0,0,FALSE,FALSE,0,0,0,0,0,0,FALSE,FALSE,0,0,0,0,0,1,0,0
CVE-2025-23015,CWE-267,FALSE,TRUE,5,2,2,TRUE,FALSE,1,1,0,0,2,2,TRUE,FALSE,1,1,0,0,0,1,0,0
CVE-2025-24790,CWE-276,FALSE,TRUE,7,6,18,TRUE,TRUE,18,6,18,6,4,2,TRUE,TRUE,4,2,4,2,1,0,1,1
CVE-2025-1391,CWE-284,FALSE,TRUE,5,1,4,TRUE,TRUE,4,1,4,1,4,1,TRUE,TRUE,4,1,4,1,1,0,1,1
CVE-2025-48734,CWE-284,FALSE,TRUE,10,0,0,FALSE,FALSE,0,0,0,0,0,0,FALSE,FALSE,0,0,0,0,0,1,0,0
CVE-2025-53106,CWE-285,TRUE,TRUE,7,3,9,TRUE,TRUE,9,3,9,3,0,0,FALSE,FALSE,0,0,0,0,1,0,1,1
CVE-2023-51982,CWE-287,FALSE,TRUE,4,1,1,TRUE,TRUE,1,1,1,1,2,1,TRUE,TRUE,2,1,2,1,1,0,1,1
CVE-2025-0604,CWE-287,FALSE,TRUE,8,2,8,TRUE,TRUE,8,2,8,2,16,4,TRUE,TRUE,16,4,16,4,1,0,1,1
CVE-2025-22228,CWE-287,TRUE,TRUE,6,2,3,TRUE,TRUE,3,2,1,1,0,0,FALSE,FALSE,0,0,0,0,0.5,0.5,1,0.6666666667
CVE-2025-3910,CWE-287,FALSE,TRUE,10,1,2,TRUE,TRUE,2,1,2,1,4,2,TRUE,TRUE,4,2,4,2,1,0,1,1
CVE-2025-49125,CWE-288,FALSE,TRUE,10,0,0,FALSE,FALSE,0,0,0,0,0,0,FALSE,FALSE,0,0,0,0,0,1,0,0
CVE-2025-22223,CWE-290,TRUE,TRUE,3,5,20,TRUE,TRUE,20,5,20,5,0,0,FALSE,FALSE,0,0,0,0,1,0,1,1
CVE-2025-3501,CWE-297,TRUE,TRUE,7,2,3,TRUE,TRUE,3,2,3,2,0,0,FALSE,FALSE,0,0,0,0,1,0,1,1
CVE-2025-53103,CWE-312,FALSE,TRUE,10,0,0,FALSE,FALSE,0,0,0,0,8,8,TRUE,TRUE,4,4,4,4,0,1,0,0
CVE-2025-27508,CWE-327,FALSE,TRUE,3,31,31,TRUE,FALSE,0,1,0,0,30,30,FALSE,FALSE,0,0,0,0,0,1,0,0
CVE-2025-7365,CWE-346,FALSE,TRUE,7,10,13,TRUE,TRUE,5,4,3,2,13,10,TRUE,TRUE,5,4,3,2,0.2,0.8,1,0.3333333333
CVE-2025-31723,CWE-352,TRUE,TRUE,1,17,66,TRUE,TRUE,62,16,62,16,0,0,FALSE,FALSE,0,0,0,0,0.9411764706,0.05882352941,1,0.9696969697
CVE-2025-25193,CWE-400,TRUE,TRUE,1,3,3,TRUE,TRUE,2,2,2,2,1,1,FALSE,FALSE,0,0,0,0,0.6666666667,0.3333333333,1,0.8
CVE-2025-48795,CWE-400,FALSE,TRUE,9,9,33,TRUE,FALSE,33,9,0,0,0,0,FALSE,FALSE,0,0,0,0,0,1,0,0
CVE-2025-53506,CWE-400,FALSE,TRUE,2,1,4,TRUE,TRUE,4,1,4,1,4,1,TRUE,TRUE,4,1,4,1,1,0,1,1
CVE-2025-24789,CWE-426,FALSE,TRUE,9,0,0,FALSE,FALSE,0,0,0,0,0,0,FALSE,FALSE,0,0,0,0,0,1,0,0
CVE-2025-27522,CWE-502,FALSE,TRUE,3,5,20,TRUE,TRUE,20,5,20,5,12,3,TRUE,TRUE,12,3,12,3,1,0,1,1
CVE-2025-27526,CWE-502,TRUE,TRUE,8,3,12,TRUE,TRUE,12,3,12,3,0,0,FALSE,FALSE,0,0,0,0,1,0,1,1
CVE-2025-27528,CWE-502,TRUE,TRUE,8,3,9,TRUE,TRUE,9,3,9,3,0,0,FALSE,FALSE,0,0,0,0,1,0,1,1
CVE-2025-27531,CWE-502,TRUE,TRUE,9,17,49,TRUE,TRUE,11,3,8,2,41,15,TRUE,FALSE,3,1,0,0,0.1176470588,0.8823529412,1,0.2105263158
CVE-2025-27818,CWE-502,FALSE,TRUE,7,5,7,TRUE,TRUE,7,5,7,5,7,5,TRUE,TRUE,7,5,7,5,1,0,1,1
CVE-2025-47771,CWE-502,TRUE,TRUE,1,1,1,TRUE,TRUE,1,1,1,1,0,0,FALSE,FALSE,0,0,0,0,1,0,1,1
CVE-2025-27496,CWE-532,TRUE,TRUE,5,1,1,TRUE,TRUE,0,1,0,1,0,0,FALSE,FALSE,0,0,0,0,1,0,1,1
CVE-2025-48955,CWE-532,TRUE,TRUE,3,2,4,TRUE,TRUE,4,2,4,2,0,0,FALSE,FALSE,0,0,0,0,1,0,1,1
CVE-2025-49009,CWE-532,TRUE,TRUE,1,17,64,TRUE,TRUE,4,1,4,1,60,16,FALSE,FALSE,0,0,0,0,0.05882352941,0.9411764706,1,0.1111111111
CVE-2025-27136,CWE-611,TRUE,TRUE,5,2,2,TRUE,TRUE,1,1,1,1,0,0,FALSE,FALSE,0,0,0,0,0.5,0.5,1,0.6666666667
CVE-2025-4641,CWE-611,TRUE,TRUE,3,1,2,TRUE,TRUE,2,1,2,1,0,0,FALSE,FALSE,0,0,0,0,1,0,1,1
CVE-2025-47293,CWE-611,FALSE,TRUE,9,4,3,TRUE,FALSE,2,2,0,0,0,0,FALSE,FALSE,0,0,0,0,0,1,0,0
CVE-2025-52888,CWE-611,TRUE,TRUE,1,3,3,TRUE,TRUE,0,3,0,3,0,0,FALSE,FALSE,0,0,0,0,1,0,1,1
CVE-2025-53621,CWE-611,FALSE,TRUE,6,14,46,TRUE,TRUE,40,11,40,11,16,4,TRUE,TRUE,16,4,16,4,0.7857142857,0.2142857143,1,0.88
CVE-2025-32959,CWE-770,TRUE,TRUE,6,1,1,TRUE,TRUE,1,1,1,1,0,0,FALSE,FALSE,0,0,0,0,1,0,1,1
CVE-2025-48976,CWE-770,FALSE,TRUE,10,0,0,FALSE,FALSE,0,0,0,0,0,0,FALSE,FALSE,0,0,0,0,0,1,0,0
CVE-2025-48988,CWE-770,FALSE,TRUE,7,3,3,TRUE,TRUE,0,3,0,1,3,3,TRUE,TRUE,0,3,0,1,0.3333333333,0.6666666667,1,0.5
CVE-2025-27497,CWE-835,FALSE,TRUE,8,0,0,FALSE,FALSE,0,0,0,0,0,0,FALSE,FALSE,0,0,0,0,0,1,0,0
CVE-2025-31720,CWE-862,FALSE,TRUE,9,0,0,FALSE,FALSE,0,0,0,0,0,0,FALSE,FALSE,0,0,0,0,0,1,0,0
CVE-2025-31721,CWE-862,FALSE,TRUE,10,0,0,FALSE,FALSE,0,0,0,0,0,0,FALSE,FALSE,0,0,0,0,0,1,0,0
CVE-2025-27427,CWE-863,TRUE,TRUE,2,1,3,TRUE,TRUE,3,1,3,1,0,0,FALSE,FALSE,0,0,0,0,1,0,1,1
CVE-2023-51441,CWE-918,FALSE,TRUE,8,9,13,TRUE,FALSE,2,1,0,0,13,9,TRUE,FALSE,2,1,0,0,0,1,0,0
CVE-2024-48944,CWE-918,TRUE,TRUE,1,1,2,TRUE,TRUE,2,1,2,1,0,0,FALSE,FALSE,0,0,0,0,1,0,1,1