project_slug,cve_id,github_username,github_repository_name,commit,file,class,class_start,class_end,method,method_start,method_end,signature,Done
sooperset__mcp-atlassian_CVE-2026-27825_v0.16.x,CVE-2026-27825,sooperset,mcp-atlassian,52b9b0997681e87244b20d58034deae89c91631e,src/mcp_atlassian/jira/attachments.py,AttachmentsMixin,18,414,download_attachment,21,72,"def download_attachment(self, url: str, target_path: str) -> bool",
sooperset__mcp-atlassian_CVE-2026-27825_v0.16.x,CVE-2026-27825,sooperset,mcp-atlassian,52b9b0997681e87244b20d58034deae89c91631e,src/mcp_atlassian/confluence/attachments.py,AttachmentsMixin,18,527,download_attachment,169,220,"def download_attachment(self, url: str, target_path: str) -> bool",
saltstack__salt_CVE-2020-11651_3000.1,CVE-2020-11651,saltstack,salt,a67d76b15615983d467ed81371b38b4a17e4f3b7,salt/master.py,MWorker,956,1147,_handle_clear,1081,1101,"def _handle_clear(self, load)",
saltstack__salt_CVE-2020-11651_3000.1,CVE-2020-11651,saltstack,salt,a67d76b15615983d467ed81371b38b4a17e4f3b7,salt/master.py,MWorker,956,1147,_handle_aes,1102,1133,"def _handle_aes(self, data)",
InternLM__lmdeploy_CVE-2025-66455_0.15.x,CVE-2025-66455,InternLM,lmdeploy,f05b4ad8bf2e2d84101a1d63b3c44fadd99223b2,lmdeploy/pytorch/disagg/conn/engine_conn.py,EngineP2PConnection,30,80,p2p_drop_connect,68,80,"def p2p_drop_connect(self, drop_conn_request: DistServeDropConnectionRequest)",
BerriAI__litellm_CVE-2026-59823_1.83.8,CVE-2026-59823,BerriAI,litellm,47214be317f45a2d2ac08258362e0481411eb427,litellm/proxy/litellm_pre_call_utils.py,,,,add_litellm_data_to_request,918,1097,async def add_litellm_data_to_request(...),
zopefoundation__RestrictedPython_CVE-2026-76825_8.3,CVE-2026-76825,zopefoundation,RestrictedPython,3b47440070b91f8807c2b2998aca99e94783639a,src/RestrictedPython/Guards.py,,,,safer_getattr,257,271,"def safer_getattr(object, name, default=None, getattr=getattr)",
streamlink__streamlink_CVE-2026-92164_8.5.0,CVE-2026-92164,streamlink,streamlink,4b99c64dde21ea70c24d9ffdbd15849b05f465c6,src/streamlink/session/http.py,HTTPSession,119,364,request,278,364,"def request(self, method, url, *args, **kwargs)",
nautobot__nautobot_CVE-2026-83805_3.1.7,CVE-2026-83805,nautobot,nautobot,8682707d0391cbfd7694e3276127b78dc9cf29d8,nautobot/extras/api/views.py,ApprovalWorkflowStageViewSet,345,517,comment,483,517,"def comment(self, request, pk=None)",
mnemosyne-oss__mnemosyne_CVE-2026-59163_3.10.0,CVE-2026-59163,mnemosyne-oss,mnemosyne,a0b6b8711a1a485304971710dc3571e29ff9dbeb,mnemosyne/core/sync_server.py,SyncHTTPHandler,37,156,_check_auth,101,129,def _check_auth(self) -> bool,
opencve__opencve_CVE-2026-62282_1.5.0,CVE-2026-62282,opencve,opencve,0af7f894debc95c67fa53e7ba5a6cdecb10c34f0,web/projects/notifications.py,WebhookNotificationTester,414,440,run,417,440,def run(self),
open-webui__open-webui_CVE-2026-88006_0.11.0,CVE-2026-88006,open-webui,open-webui,d799e81edbdc971c6deb096b6474cd95b93504bf,backend/open_webui/utils/oauth.py,OAuthManager,1311,1816,get_user_role,1501,1585,"async def get_user_role(self, user, user_data)",
