id,project_slug,cve_id,cwe_id,cwe_name,github_username,github_repository_name,github_tag,github_url,advisory_id,buggy_commit_id,fix_commit_ids
1,sooperset__mcp-atlassian_CVE-2026-27825_v0.16.x,CVE-2026-27825,CWE-022,Improper Limitation of a Pathname to a Restricted Directory ('Path Traversal'),sooperset,mcp-atlassian,v0.16.x,https://github.com/sooperset/mcp-atlassian,GHSA-xjgw-4wvw-rgm4,ab36f8161bba807b16964f2c6124174c9eca1acf,52b9b0997681e87244b20d58034deae89c91631e
2,saltstack__salt_CVE-2020-11651_3000.1,CVE-2020-11651,CWE-306,Missing Authentication for Critical Function,saltstack,salt,3000.1,https://github.com/saltstack/salt,GHSA-pjhf-vpx3-33r3,19e2bd22a4951d3f2f1c3a5881ced5a8bb64b050,a67d76b15615983d467ed81371b38b4a17e4f3b7
3,InternLM__lmdeploy_CVE-2025-66455_0.15.x,CVE-2025-66455,CWE-502,Deserialization of Untrusted Data,InternLM,lmdeploy,0.15.x,https://github.com/InternLM/lmdeploy,GHSA-2vh9-42vm-xmv2,eb94bd8cb4155eb055e2404d8304a7af089a6099,f05b4ad8bf2e2d84101a1d63b3c44fadd99223b2
4,BerriAI__litellm_CVE-2026-59823_1.83.8,CVE-2026-59823,CWE-918,Server-Side Request Forgery (SSRF),BerriAI,litellm,1.83.8,https://github.com/BerriAI/litellm,GHSA-hx8v-g79f-8w5f,93faf321df159b1ef65a98cc29a70958a96d184a,47214be317f45a2d2ac08258362e0481411eb427
5,zopefoundation__RestrictedPython_CVE-2026-76825_8.3,CVE-2026-76825,CWE-693,Protection Mechanism Failure (sandbox escape),zopefoundation,RestrictedPython,8.3,https://github.com/zopefoundation/RestrictedPython,GHSA-hp3v-5vw7-fx9w,bd256e6ad046a6739ada1a01b812057ac7bc8098,3b47440070b91f8807c2b2998aca99e94783639a
6,streamlink__streamlink_CVE-2026-92164_8.5.0,CVE-2026-92164,CWE-918,Server-Side Request Forgery (SSRF) via redirect into file:// URLs,streamlink,streamlink,8.5.0,https://github.com/streamlink/streamlink,GHSA-vf2x-4v53-pm7v,46c9b288b5f95176b15cc05daf55285b5c3f0e10,4b99c64dde21ea70c24d9ffdbd15849b05f465c6
7,nautobot__nautobot_CVE-2026-83805_3.1.7,CVE-2026-83805,CWE-862,Missing Authorization,nautobot,nautobot,3.1.7,https://github.com/nautobot/nautobot,GHSA-q4c5-2j6f-r476,e6ff20d50e0759135c6d278e7b2ceec56ed9b3c8,8682707d0391cbfd7694e3276127b78dc9cf29d8
8,mnemosyne-oss__mnemosyne_CVE-2026-59163_3.10.0,CVE-2026-59163,CWE-347,Improper Verification of Cryptographic Signature,mnemosyne-oss,mnemosyne,3.10.0,https://github.com/mnemosyne-oss/mnemosyne,GHSA-xcw4-53cc-hv32,6cba87a3c2f08e127c7df4893a306737e8064859,a0b6b8711a1a485304971710dc3571e29ff9dbeb
9,opencve__opencve_CVE-2026-62282_1.5.0,CVE-2026-62282,CWE-918,Server-Side Request Forgery (SSRF),opencve,opencve,1.5.0,https://github.com/opencve/opencve,GHSA-ch3g-4xvr-674q,928bbadbb1672051bcfc2a6289a9e6a8f029c106,0af7f894debc95c67fa53e7ba5a6cdecb10c34f0
10,open-webui__open-webui_CVE-2026-88006_0.11.0,CVE-2026-88006,CWE-863,Incorrect Authorization,open-webui,open-webui,0.11.0,https://github.com/open-webui/open-webui,GHSA-wvm9-9g5j-623f,c0d09a5de93d48517efe043ea2f4a2f6a7a44fc3,d799e81edbdc971c6deb096b6474cd95b93504bf
